word,won,wrong_guesses,repeated_guesses,word_length
slept,False,6,0,5
brisket,True,2,0,7
lacrym,False,6,0,6
phalangides,True,1,0,11
tantalizer,True,0,0,10
dacelo,True,3,0,6
assortedness,True,0,0,12
nonrepetition,True,0,0,13
omnimental,True,3,0,10
multicorneal,True,5,0,12
underpropper,True,2,0,12
wordmongery,True,2,0,11
bedaub,True,2,0,6
strain,False,6,0,6
jungermannia,False,6,0,12
doghearted,False,6,0,10
luxuriation,False,6,0,11
antiquing,True,1,0,9
zymomin,True,4,0,7
splanchnic,True,2,0,10
keralite,True,0,0,8
radiogoniometer,True,0,0,15
whaling,False,6,0,7
ptarmica,False,6,0,8
candlefish,False,6,0,10
arbitragist,True,1,0,11
precentory,True,2,0,10
jockeyship,True,4,0,10
malist,True,2,0,6
payee,True,2,0,5
cephalobranchiate,True,0,0,17
uncivic,True,2,0,7
keynesian,True,0,0,9
adulterine,True,0,0,10
vacuuma,True,5,0,7
unreplied,True,0,0,9
detriment,True,1,0,9
dislink,True,3,0,7
unseemingly,True,0,0,11
baccated,True,0,0,8
insidious,True,1,0,9
auditorship,True,1,0,11
barwal,True,2,0,6
uintjie,True,1,0,7
superdainty,True,0,0,11
unplaited,True,1,0,9
bonjour,True,3,0,7
acanthopodous,True,2,0,13
preception,True,4,0,10
expressionlessness,True,0,0,18
irrationability,True,1,0,15
tiptilt,True,3,0,7
tagasaste,True,1,0,9
platosammine,True,0,0,12
contragredient,True,1,0,14
cholecystorrhaphy,True,1,0,17
confronte,True,2,0,9
induna,True,1,0,6
radiophonic,True,1,0,11
unwhitened,False,6,0,10
rainworm,True,1,0,8
pillwort,True,2,0,8
nonmandatory,True,2,0,12
labridae,False,6,0,8
hydriatrist,True,1,0,11
lienteric,True,0,0,9
relevancy,True,1,0,9
kamasin,True,2,0,7
minstrelship,True,0,0,12
foregoing,True,1,0,9
juncite,False,6,0,7
microphyte,True,2,0,10
affixer,True,1,0,7
yenite,True,2,0,6
rotative,True,0,0,8
unapprobation,True,1,0,13
multilobed,True,1,0,10
larvae,True,0,0,6
preoccupant,True,5,0,11
unmuddle,False,6,0,8
urbacity,True,4,0,8
factitive,True,0,0,9
minsitive,True,0,0,9
catallactics,True,1,0,12
impartialism,True,1,0,12
muster,True,3,0,6
irrecusably,True,0,0,11
heteromeri,True,0,0,10
chattelize,True,0,0,10
ovatopyriform,False,6,0,13
actress,False,6,0,7
inbringer,True,1,0,9
lupulus,False,6,0,7
querciflorae,True,0,0,12
phelloplastic,True,0,0,13
peever,False,6,0,6
eccaleobion,True,0,0,11
cede,True,4,0,4
kincob,True,3,0,6
parallelepipedal,True,0,0,16
nuptials,True,2,0,8
summerings,True,1,0,10
echinodermatous,False,6,0,15
inclementness,True,0,0,13
mustafina,True,1,0,9
merci,True,1,0,5
chauk,False,6,0,5
riskiness,True,1,0,9
anisometropia,True,0,0,13
equilobed,False,6,0,9
theatrograph,True,1,0,12
laxly,True,3,0,5
unbossed,True,5,0,8
nace,True,3,0,4
mysogynism,True,2,0,10
exophagy,False,6,0,8
cience,True,0,0,6
gnatling,True,1,0,8
alcovinometer,True,0,0,13
nexal,True,1,0,5
sleepland,True,1,0,9
roupet,True,2,0,6
microgramme,False,6,0,11
unassuageable,False,6,0,13
coralloid,True,1,0,9
acanthopterygii,True,5,0,15
trypanosomatosis,True,1,0,16
ganoid,True,5,0,6
piculule,True,2,0,8
unpicked,True,2,0,8
undercrawl,True,1,0,10
bedstring,True,0,0,9
dichloroacetic,True,0,0,14
gaudery,True,2,0,7
lowishness,False,6,0,10
cephalacanthus,True,1,0,14
bonjour,True,3,0,7
deduct,False,6,0,6
desinent,True,0,0,8
yarran,False,6,0,6
revisable,True,0,0,9
boiled,True,4,0,6
extratensive,True,0,0,12
impremeditate,True,0,0,13
thymy,False,6,0,5
cience,True,0,0,6
inexpressible,True,0,0,13
netherstock,True,2,0,11
philosopheme,True,1,0,12
demagogism,True,2,0,10
grunter,True,3,0,7
obligatory,True,2,0,10
absinthiate,False,6,0,11
chairer,True,0,0,7
bangiaceae,True,0,0,10
microzoospore,True,1,0,13
zebrula,True,2,0,7
gambol,True,4,0,6
proctorial,True,1,0,10
instar,True,3,0,6
ascarid,True,1,0,7
dasyphyllous,True,5,0,12
dapicho,True,3,0,7
nectary,True,1,0,7
cry,False,6,0,3
unupbraiding,True,2,0,12
subpattern,False,6,0,10
unforeseen,True,1,0,10
marketman,True,0,0,9
monotonously,True,3,0,12
outbent,True,3,0,7
euomphalus,True,3,0,10
picturable,True,0,0,10
doweral,True,1,0,7
lucia,True,3,0,5
biscuitlike,True,0,0,11
subfeudation,True,0,0,12
lignaloes,True,2,0,9
multigranulate,True,0,0,14
mechanics,True,0,0,9
ingratiation,True,1,0,12
ciao,True,1,0,4
beady,True,4,0,5
partanfull,True,2,0,10
intemerate,True,0,0,10
lapwork,False,6,0,7
qcnohbmousji,False,6,0,12
prealkalic,True,0,0,10
doebird,True,1,0,7
fagoter,True,2,0,7
regeneracy,True,0,0,10
flaunty,True,3,0,7
purge,True,2,0,5
indecidua,True,0,0,9
qua,True,4,0,3
palatal,True,1,0,7
keratocentesis,True,2,0,14
uncrown,False,6,0,7
dizygotic,True,3,0,9
parnellism,True,0,0,10
unjfovwqtyd,True,3,0,11
spasticity,False,6,0,10
churruck,True,3,0,8
isorithm,True,2,0,8
rectilinearly,True,0,0,13
fibrillate,True,2,0,10
deploringly,False,6,0,11
retirer,True,0,0,7
taking,True,3,0,6
bosslet,True,4,0,7
skive,True,4,0,5
rebrew,True,0,0,6
unmonkly,True,4,0,8
pundonor,True,3,0,8
endemic,True,1,0,7
anisochromatic,True,2,0,14
charlock,True,2,0,8
empire,True,2,0,6
recompare,False,6,0,9
breunnerite,True,0,0,11
pavonia,True,2,0,7
villanage,True,1,0,9
compositional,True,1,0,13
ablate,True,2,0,6
periangiocholitis,True,0,0,17
unwettable,True,2,0,10
zoetic,True,3,0,6
unfeudalized,False,6,0,12
dedicatorial,True,0,0,12
altica,True,1,0,6
buxaceous,True,4,0,9
consonantly,True,3,0,11
billa,True,3,0,5
primulales,True,1,0,10
hospitalism,True,1,0,11
fanguage,True,3,0,8
relocable,True,2,0,9
mixy,False,6,0,4
unparking,True,2,0,9
chromoisomerism,True,1,0,15
devoutlessness,True,1,0,14
unafloat,True,1,0,8
pachymenia,True,0,0,10
cercelee,True,0,0,8
mot,True,5,0,3
lakeless,True,1,0,8
predeficiency,True,0,0,13
papulate,True,4,0,8
palaeophytological,True,0,0,18
loricate,True,1,0,8
unstupefied,False,6,0,11
trinitroresorcin,True,0,0,16
hydrolyte,True,2,0,9
phyle,True,4,0,5
citral,True,1,0,6
variegation,True,0,0,11
repot,True,2,0,5
unpharasaic,True,1,0,11
benchership,True,0,0,11
agora,True,2,0,5
redelegation,True,0,0,12
sedan,True,2,0,5
dovekey,True,2,0,7
slipshodness,True,1,0,12
fringetail,True,0,0,10
stepgrandfather,False,6,0,15
tailet,True,2,0,6
hosackia,False,6,0,8
disquisitory,True,1,0,12
rousement,True,2,0,9
hochelaga,False,6,0,9
nonsyllabic,True,1,0,11
ooscopy,True,4,0,7
unmatured,True,0,0,9
weakheartedness,True,0,0,15
preroute,True,0,0,8
lameduck,True,0,0,8
sparadrap,True,2,0,9
oenological,True,3,0,11
marimba,True,3,0,7
idolistic,True,1,0,9
skulking,True,5,0,8
interlaminate,True,4,0,13
bastardly,True,3,0,9
steatornis,True,0,0,10
companionate,True,0,0,12
unmutual,True,3,0,8
gruesome,True,3,0,8
unpersonableness,True,0,0,16
ginhouse,True,1,0,8
midship,True,3,0,7
haft,True,2,0,4
crazedness,True,1,0,10
mentalize,True,0,0,9
witan,True,5,0,5
malebolgian,True,0,0,11
safelight,True,0,0,9
polychromic,True,4,0,11
nursing,True,4,0,7
sarcogenous,True,1,0,11
wrld,False,6,0,4
paraenetic,True,2,0,10
hepaticoenterostomy,True,0,0,19
bluster,True,3,0,7
engraftation,False,6,0,12
titanothere,True,0,0,11
coleophora,True,1,0,10
twmk,True,5,0,4
warblet,True,0,0,7
psychodynamic,True,1,0,13
pendecagon,True,1,0,10
apigenin,True,0,0,8
secretly,False,6,0,8
peripheroceptor,True,0,0,15
swedge,False,6,0,6
beardtongue,True,1,0,11
erythremomelalgia,True,0,0,17
dechlorination,True,0,0,14
chrysazol,True,2,0,9
webster,True,3,0,7
majorism,True,3,0,8
monumentalization,True,0,0,17
otosis,True,5,0,6
thy,False,6,0,3
oscularity,True,2,0,10
circumrotation,True,1,0,14
filoplumaceous,True,0,0,14
partheniad,True,0,0,10
superinfuse,True,0,0,11
sinkiuse,True,1,0,8
housebreaking,True,0,0,13
intertragian,True,0,0,12
designfulness,False,6,0,13
diagonic,False,6,0,8
paramylum,True,3,0,9
scaffie,False,6,0,7
fermentor,True,2,0,9
celiomyomotomy,True,1,0,14
nervimuscular,True,0,0,13
jowter,False,6,0,6
rattleproof,True,1,0,11
amphistoma,True,1,0,10
carbamyl,True,1,0,8
seilenos,True,1,0,8
unchoral,True,2,0,8
pilotship,False,6,0,9
contrate,True,1,0,8
voltairism,True,2,0,10
replenishingly,True,0,0,14
eremic,False,6,0,6
decker,True,2,0,6
heedfully,False,6,0,9
christiad,True,2,0,9
eucephalous,True,1,0,11
menage,True,3,0,6
quaffingly,True,3,0,10
polyparesis,True,0,0,11
taxlessness,True,0,0,11
cryptogrammic,True,2,0,13
repin,True,2,0,5
ulotrichous,True,3,0,11
viscerosomatic,True,5,0,14
freedom,True,2,0,7
calentural,True,1,0,10
rayless,True,2,0,7
deist,True,4,0,5
craniad,True,1,0,7
counterinterest,False,6,0,15
floriscope,True,2,0,10
elevatingly,True,0,0,11
doorstep,False,6,0,8
quadriderivative,True,0,0,16
adulterate,False,6,0,10
sibilantly,True,1,0,10
salpingorrhaphy,True,1,0,15
themsel,True,2,0,7
vinagron,True,1,0,8
allopalladium,True,1,0,13
slightly,True,5,0,8
pemphigus,True,4,0,9
telferage,True,0,0,9
cerebellum,True,0,0,10
nonvirulent,True,2,0,11
elwood,True,4,0,6
atavistically,True,1,0,13
improve,True,2,0,7
tenuifasciate,True,0,0,13
deuterostoma,True,1,0,12
tuner,True,5,0,5
contrahent,False,6,0,10
appetence,True,1,0,9
robeless,True,2,0,8
epitendineum,False,6,0,12
nervid,True,2,0,6
kenogenetically,True,0,0,15
doldrum,True,3,0,7
incompatibleness,True,0,0,16
clinamen,True,2,0,8
austenite,True,1,0,9
pyrales,True,0,0,7
erysimum,True,1,0,8
retroflexion,False,6,0,12
flowerful,True,2,0,9
sunless,True,3,0,7
reascendency,True,0,0,12
bngfvqc,False,6,0,7
rivaless,True,0,0,8
aphrodistic,True,5,0,11
kroner,True,2,0,6
octopean,True,0,0,8
inelastic,True,0,0,9
verifier,True,0,0,8
iatraliptics,True,5,0,12
iodochromate,True,0,0,12
angiokinesis,True,0,0,12
septated,False,6,0,8
mesne,True,2,0,5
animadvert,True,5,0,10
usitative,True,5,0,9
chymification,True,2,0,13
benedictinism,True,0,0,13
tucky,False,6,0,5
projetc,True,1,0,7
orthognathus,True,2,0,12
aggregately,False,6,0,11
protelytropterous,True,0,0,17
prepostorship,True,2,0,13
patriarchist,True,2,0,12
rephosphorize,True,0,0,13
blackpoll,False,6,0,9
joltiness,True,5,0,9
unsorrowed,True,2,0,10
kris,False,6,0,4
gasworker,False,6,0,9
sackbut,True,4,0,7
swaddlebill,True,0,0,11
distinguishable,True,0,0,15
unsymmetricalness,True,2,0,17
bartholomite,True,0,0,12
coexistency,True,0,0,11
pneumatophilosophy,True,0,0,18
algebraization,True,0,0,14
heterochronous,True,2,0,14
polystylous,True,3,0,11
flannelflower,True,1,0,13
trochi,True,2,0,6
misbirth,True,3,0,8
fructuousness,True,2,0,13
organizational,True,1,0,14
phylarchy,False,6,0,9
perule,True,1,0,6
datiscetin,True,0,0,10
overpreface,True,0,0,11
happiless,True,1,0,9
phainolion,True,1,0,10
groenendael,True,0,0,11
swissing,True,2,0,8
swipe,False,6,0,5
aftosa,False,6,0,6
vaginopexy,True,2,0,10
discage,False,6,0,7
circumscribe,True,0,0,12
abroach,True,2,0,7
concierge,True,0,0,9
hoptoad,True,4,0,7
abstractly,True,3,0,10
upglide,True,4,0,7
febrile,True,2,0,7
autobiographist,False,6,0,15
overright,True,1,0,9
negatron,True,1,0,8
edeomania,True,1,0,9
demihag,False,6,0,7
indefinitively,True,0,0,14
popgunnery,True,2,0,10
deaminate,True,0,0,9
shin,False,6,0,4
ziphiinae,True,5,0,9
pelves,True,2,0,6
presbyteral,False,6,0,11
permian,True,3,0,7
piaffer,True,4,0,7
saururous,True,2,0,9
floreate,True,4,0,8
allochthonous,True,2,0,13
athanasian,True,1,0,10
cynarctomachy,True,2,0,13
underboated,True,1,0,11
trispaston,True,1,0,10
kinkajou,True,2,0,8
annette,True,1,0,7
ngetwork,True,3,0,8
creedsman,True,1,0,9
untuckered,True,1,0,10
achine,True,3,0,6
miswrite,True,2,0,8
trochiline,True,0,0,10
rampacious,True,1,0,10
oxyurous,True,3,0,8
recently,True,1,0,8
dillseed,True,0,0,8
anglesite,True,1,0,9
extratension,True,0,0,12
sacrocostal,True,2,0,11
hyponychial,False,6,0,11
taxiauto,True,5,0,8
remanency,True,5,0,9
thiocarbamide,True,0,0,13
infirmarer,True,0,0,10
wanigan,True,2,0,7
spectacled,True,2,0,10
oxidator,True,2,0,8
making,False,6,0,6
foam,True,3,0,4
halfbeak,True,0,0,8
oevelopment,True,0,0,11
currawang,True,2,0,9
rcnebkk,True,2,0,7
subforeman,False,6,0,10
qsbkumbaryy,True,5,0,11
fructoside,True,5,0,10
pockmark,True,4,0,8
unresponsiveness,True,0,0,16
ostreophage,True,1,0,11
leak,True,3,0,4
countersconce,True,2,0,13
procapitalist,True,2,0,13
confirmer,True,1,0,9
auroauric,True,5,0,9
neowashingtonia,True,0,0,15
georgia,True,0,0,7
wotteth,False,6,0,7
oculinid,True,2,0,8
cleome,True,1,0,6
annalist,True,2,0,8
keyseater,True,0,0,9
equinecessary,True,0,0,13
scrollhead,True,1,0,10
mycetogenic,True,1,0,11
mechitaristican,True,0,0,15
osteodentin,True,1,0,11
belibel,True,3,0,7
parrotlike,True,4,0,10
undisquieted,True,0,0,12
cashibo,True,1,0,7
pseudovary,True,1,0,10
nondeciduata,True,0,0,12
disintricate,True,0,0,12
perukeless,False,6,0,10
fireproof,True,1,0,9
barragan,True,3,0,8
terebinthine,True,0,0,12
pelvioscopy,True,1,0,11
gesneria,False,6,0,8
stumbling,True,4,0,9
alhena,True,0,0,6
dimna,True,5,0,5
irredeemably,True,0,0,12
limnanthes,True,2,0,10
typomania,True,1,0,9
ipomoein,True,2,0,8
downpouring,True,2,0,11
molligrant,True,1,0,10
clisiocampa,False,6,0,11
irreticent,True,1,0,10
bevel,True,4,0,5
sidth,False,6,0,5
phociform,True,3,0,9
subfulgent,True,4,0,10
pronouncedly,True,2,0,12
dissected,True,1,0,9
hydrobomb,True,3,0,9
matta,True,1,0,5
starlessly,True,1,0,10
noche,True,2,0,5
regenerance,True,0,0,11
ergane,True,2,0,6
confederationist,True,0,0,16
hypercyanotic,True,0,0,13
lenvoy,True,3,0,6
pomeridian,True,0,0,10
vastitude,True,0,0,9
smearless,False,6,0,9
shawn,False,6,0,5
meleagris,True,0,0,9
pastinaca,True,4,0,9
nonrecognized,False,6,0,13
menthenone,True,0,0,10
reward,True,0,0,6
nontruth,True,3,0,8
hangman,True,2,0,7
eugene,True,1,0,6
patesi,True,0,0,6
luckie,True,2,0,6
unborrowed,False,6,0,10
mesonasal,True,1,0,9
hug,False,6,0,3
scutellaria,True,0,0,11
swinney,True,3,0,7
unentertainable,True,0,0,15
dishabille,True,0,0,10
percoidean,True,2,0,10
pharmacometer,True,1,0,13
clearheaded,True,0,0,11
conformer,True,2,0,9
radioluminescence,True,0,0,17
pendulation,True,0,0,11
quintadena,False,6,0,10
cthzzuetkh,False,6,0,10
calorify,True,3,0,8
phacotherapy,True,1,0,12
subchela,True,1,0,8
cowled,True,4,0,6
unascended,True,2,0,10
gruesomeness,True,0,0,12
expatiater,True,0,0,10
afterwrist,False,6,0,10
afterbeat,True,2,0,9
precopy,True,2,0,7
quantitative,False,6,0,12
accomplishable,True,0,0,14
urolithiasis,True,1,0,12
milkman,True,3,0,7
carbamido,True,4,0,9
picudilla,True,1,0,9
tetrarchic,True,0,0,10
rhodophyta,True,2,0,10
usucapient,True,4,0,10
cevitamic,True,0,0,9
squirearchical,True,0,0,14
schizophyta,True,1,0,11
unhaste,True,2,0,7
thoughtlessness,False,6,0,15
sundik,True,3,0,6
myelozoan,True,1,0,9
rine,True,3,0,4
elocutioner,True,0,0,11
garderobe,True,1,0,9
bitterwood,False,6,0,10
bargh,False,6,0,5
gearwheel,True,0,0,9
unleashed,True,2,0,9
disjointure,False,6,0,11
ballahoo,True,4,0,8
untrusted,True,3,0,9
palmatipartite,True,2,0,14
swandown,True,3,0,8
unworried,True,1,0,9
unsuffocate,True,1,0,11
urceiform,True,2,0,9
unsubscribing,True,3,0,13
pleurorrhea,True,1,0,11
haeremai,False,6,0,8
palatoglossus,True,2,0,13
crazyweed,True,1,0,9
formicicide,True,0,0,11
lithectomy,True,2,0,10
nitromuriatic,True,1,0,13
fromage,True,1,0,7
oxytylotate,True,1,0,11
santoninic,True,1,0,10
orgasmic,True,1,0,8
mouse,True,4,0,5
swallowpipe,False,6,0,11
nukuhivan,False,6,0,9
ortyx,True,3,0,5
woodrowel,True,2,0,9
consute,True,3,0,7
transience,True,0,0,10
anthomania,True,3,0,10
gymnadenia,True,1,0,10
monticuliporidean,True,0,0,17
haploscopic,True,1,0,11
pizaaabhnt,True,1,0,10
hutcher,True,3,0,7
oestruate,True,2,0,9
teasing,True,1,0,7
atractaspis,True,1,0,11
surbase,True,2,0,7
sorryhearted,True,1,0,12
unincumbered,True,0,0,12
ordered,True,0,0,7
admiralship,True,1,0,11
confining,True,1,0,9
kaiwi,False,6,0,5
silicicolous,True,1,0,12
thereoid,True,0,0,8
t,False,6,0,1
prostemmatic,True,0,0,12
maxilla,True,2,0,7
pessoner,True,1,0,8
compacted,False,6,0,9
alburn,False,6,0,6
werebear,False,6,0,8
strikeless,False,6,0,10
vcpp,False,6,0,4
spareable,True,2,0,9
atmocausis,True,1,0,10
thiobacteria,True,0,0,12
unwithdrawn,True,2,0,11
multiped,False,6,0,8
strabismometry,False,6,0,14
boreas,True,0,0,6
biliously,True,5,0,9
motherlike,False,6,0,10
lithographic,True,1,0,12
peripherad,False,6,0,10
jozy,False,6,0,4
photosensitizer,True,0,0,15
turwar,True,2,0,6
mussitate,True,0,0,9
flotation,True,1,0,9
scientificophilosophical,False,6,0,24
alvearium,True,0,0,9
snonowas,True,3,0,8
actinoida,True,1,0,9
naological,True,1,0,10
mainsail,True,1,0,8
ovology,True,5,0,7
ankoli,True,2,0,6
limnophilidae,True,0,0,13
xenogeny,False,6,0,8
filminess,True,2,0,9
danke,True,0,0,5
west,False,6,0,4
ramadoss,True,3,0,8
breakage,True,1,0,8
rift,False,6,0,4
horoptery,False,6,0,9
arecoline,True,0,0,9
unlusty,True,5,0,7
trisporic,False,6,0,9
condensable,True,1,0,11
athericerous,True,0,0,12
taloned,True,2,0,7
reuplift,True,3,0,8
fruitgrowing,True,1,0,12
ganda,True,2,0,5
ataxiaphasia,False,6,0,12
lopezia,True,0,0,7
seraphim,True,0,0,8
pyrophobia,True,1,0,10
puschkinia,True,1,0,10
artifact,True,1,0,8
unfussed,True,3,0,8
forgivable,True,1,0,10
linum,False,6,0,5
proconviction,False,6,0,13
antipatriarchal,True,2,0,15
benzoglycolic,True,2,0,13
concipiency,False,6,0,11
ethic,False,6,0,5
tiresome,True,1,0,8
orbicularness,True,0,0,13
woom,False,6,0,4
intertransversary,True,1,0,17
preinhabitation,True,4,0,15
geogonic,True,5,0,8
unfitting,True,1,0,9
utopiast,True,2,0,8
auriscope,True,0,0,9
capeskin,True,2,0,8
cypriniform,False,6,0,11
nosethirl,True,1,0,9
meningococcemia,True,0,0,15
aristodemocracy,True,5,0,15
anesthesis,True,0,0,10
nordicization,True,1,0,13
cobitidae,True,0,0,9
redfinch,True,2,0,8
witchcraft,True,1,0,10
titanolatry,True,1,0,11
converge,True,4,0,8
diligency,True,0,0,9
ratter,True,0,0,6
apodictically,False,6,0,13
baggageman,True,1,0,10
instantial,True,2,0,10
trigeminous,False,6,0,11
fluctuous,True,5,0,9
protoblastic,True,1,0,12
significian,True,1,0,11
nasillation,True,4,0,11
crajuru,False,6,0,7
mouthable,True,3,0,9
anura,True,1,0,5
housekeeperlike,True,0,0,15
utterless,True,0,0,9
octopodes,False,6,0,9
elain,True,0,0,5
macular,True,2,0,7
analphabetic,True,0,0,12
raya,False,6,0,4
corollaceous,True,1,0,12
readjustable,True,1,0,12
rationalization,True,1,0,15
warua,True,3,0,5
leptoptilus,True,1,0,11
prediminishment,True,0,0,15
stoury,True,3,0,6
nepouite,False,6,0,8
worktable,True,2,0,9
assentatious,True,0,0,12
aj,False,6,0,2
rhyparography,False,6,0,13
jane,True,5,0,4
affiliable,True,0,0,10
propitiatorily,False,6,0,14
snaillike,True,0,0,9
aseptate,True,1,0,8
dearness,True,2,0,8
phacocyst,True,4,0,9
tropicopolitan,True,1,0,14
unchrisom,True,2,0,9
tantrik,True,1,0,7
unpitifully,True,3,0,11
intracoelomic,True,0,0,13
postarticular,True,1,0,13
duckhunting,True,2,0,11
bacterian,False,6,0,9
uninstructedness,True,2,0,16
judge,False,6,0,5
orthophenylene,True,1,0,14
oppugner,False,6,0,8
sylvanitic,True,1,0,10
bashlyk,False,6,0,7
pseudomelanosis,True,0,0,15
prelusory,True,2,0,9
cynosure,True,2,0,8
heliced,True,1,0,7
saltfat,True,3,0,7
cavicornia,True,1,0,10
coambulant,True,3,0,10
anaphroditous,True,1,0,13
diathetic,False,6,0,9
entrepreneurship,True,0,0,16
dardanium,False,6,0,9
supersaturation,True,0,0,15
summoningly,True,2,0,11
skiapod,True,3,0,7
assenting,True,0,0,9
unshrewish,True,1,0,10
equitist,True,5,0,8
intercommunicability,True,0,0,20
antiperthite,True,4,0,12
thinbrained,True,0,0,11
flatulentness,True,1,0,13
dory,False,6,0,4
placochromatic,True,2,0,14
whippersnapper,True,1,0,14
institutrix,False,6,0,11
bustler,False,6,0,7
installant,True,1,0,10
microtomist,True,2,0,11
eurythermic,True,0,0,11
yao,False,6,0,3
antibreakage,True,0,0,12
overfacile,True,0,0,10
speedwell,True,0,0,9
pygmydom,False,6,0,8
incineration,True,0,0,12
tetanical,True,0,0,9
sufficiently,True,0,0,12
oligist,True,3,0,7
cassinoid,True,1,0,9
executrices,True,0,0,11
quivered,False,6,0,8
becurse,True,0,0,7
supertaxation,True,0,0,13
cogue,True,3,0,5
unvindictively,True,0,0,14
whooper,True,3,0,7
caduceus,True,0,0,8
impersonify,True,0,0,11
jemminess,False,6,0,9
unlaughing,True,1,0,10
oligometochic,True,1,0,13
panhellenium,False,6,0,12
hostilize,True,1,0,9
tarie,True,3,0,5
scopperil,True,1,0,9
goosebird,True,4,0,9
balneotherapy,True,1,0,13
lilaceous,True,0,0,9
eopaleozoic,True,0,0,11
dartsman,True,3,0,8
undiatonic,True,1,0,10
marc,True,4,0,4
jura,True,4,0,4
temptable,True,2,0,9
deva,False,6,0,4
uninnocuous,False,6,0,11
compulsiveness,True,0,0,14
vilayet,False,6,0,7
subpanel,True,2,0,8
plastral,True,3,0,8
bushfighting,True,3,0,12
acerbic,True,1,0,7
disnaturalize,True,1,0,13
saturnale,True,1,0,9
thickish,True,4,0,8
phantomic,True,2,0,9
leporis,True,2,0,7
hematocytoblast,False,6,0,15
postmarriage,True,0,0,12
fitfully,False,6,0,8
outride,True,2,0,7
meaner,True,5,0,6
incognizability,True,1,0,15
hypoeosinophilia,True,0,0,16
phocxkqhsv,False,6,0,10
furzed,True,2,0,6
christhood,True,3,0,10
clustering,True,1,0,10
tiver,False,6,0,5
reread,True,0,0,6
tribophosphorescent,True,0,0,19
retrocolic,True,1,0,10
maturement,True,1,0,10
cogglety,True,4,0,8
sabellian,True,0,0,9
unparticipant,True,2,0,13
exopod,False,6,0,6
epichondrosis,True,0,0,13
courtiership,True,0,0,12
pommee,True,1,0,6
reasoned,True,1,0,8
soteriology,True,1,0,11
xanthoderm,True,1,0,10
divertedly,True,0,0,10
underpresser,True,0,0,12
incongruently,True,3,0,13
thelytocia,True,0,0,10
limping,True,5,0,7
keraunography,False,6,0,13
gouda,True,4,0,5
uncompliableness,True,0,0,16
aggrieved,True,0,0,9
unprecautioned,True,0,0,14
unsustained,True,0,0,11
aberuncator,False,6,0,11
saravan,True,2,0,7
elastin,True,1,0,7
zb,False,6,0,2
clitellar,True,0,0,9
euge,True,2,0,4
unalarm,True,2,0,7
tanquen,True,1,0,7
dephlegmate,False,6,0,11
athwarthawse,True,1,0,12
dive,True,2,0,4
syncategorematical,True,5,0,18
unnosed,True,3,0,7
chinook,True,3,0,7
acceleratory,True,1,0,12
sellout,True,4,0,7
indite,True,1,0,6
opinionate,True,0,0,10
acanthuridae,True,0,0,12
banjoist,True,2,0,8
trinklet,True,1,0,8
lastness,True,0,0,8
polypragmonic,True,4,0,13
akalimba,True,2,0,8
caesious,True,0,0,8
proprovost,True,3,0,10
unopinionated,True,1,0,13
polygenistic,True,3,0,12
unnourished,False,6,0,11
theorization,True,0,0,12
prorector,True,2,0,9
unpublishably,True,3,0,13
parsonsite,True,0,0,10
isocinchonine,True,0,0,13
hydrofluosilicate,True,0,0,17
xenosaurid,True,1,0,10
outrave,True,0,0,7
prawn,True,1,0,5
nonmajority,True,1,0,11
geomagnetics,True,0,0,12
teutophobe,False,6,0,10
pikey,False,6,0,5
dermatophobia,True,4,0,13
distad,True,5,0,6
chalazogamy,True,2,0,11
preaffection,True,4,0,12
sie,False,6,0,3
filamentose,False,6,0,11
cogitabundity,True,4,0,13
chelidonine,True,0,0,11
untwineable,False,6,0,11
bonjour,True,3,0,7
nonionizing,False,6,0,11
unconstrained,True,0,0,13
mail,True,4,0,4
monocarboxylic,True,2,0,14
europocentric,True,0,0,13
depotentiation,True,3,0,14
fiendlike,True,0,0,9
triverbal,True,1,0,9
clarinetist,True,0,0,11
counterwave,True,1,0,11
uqzwkqxewwzz,False,6,0,12
frondage,True,2,0,8
undergrieve,False,6,0,11
nonamino,True,1,0,8
refledge,True,1,0,8
scraggy,True,3,0,7
bluenoser,True,1,0,9
improgressive,True,0,0,13
baseboard,True,1,0,9
scgence,True,3,0,7
menorrheic,True,2,0,10
vanillon,True,1,0,8
picknick,True,2,0,8
alemana,True,0,0,7
arsenoxide,False,6,0,10
unmeaningness,True,0,0,13
swainsona,True,1,0,9
apod,True,4,0,4
analogy,True,2,0,7
wateriness,True,0,0,10
melene,True,1,0,6
cosmogonal,True,3,0,10
hinder,True,4,0,6
tomeful,True,4,0,7
chuncho,True,4,0,7
cere,True,3,0,4
disguised,False,6,0,9
sextipara,True,0,0,9
hexagrammidae,False,6,0,13
disvaluation,True,1,0,12
impetigo,True,2,0,8
redrawer,True,0,0,8
rollerskater,True,1,0,12
cuscutaceae,True,4,0,11
wavably,True,4,0,7
glyptology,False,6,0,10
araliaceae,True,4,0,10
flabellarium,True,1,0,12
unshivered,True,1,0,10
barrikin,True,2,0,8
unneedfulness,True,1,0,13
polity,True,5,0,6
accessorial,True,0,0,11
unflexibleness,True,0,0,14
macrostructure,False,6,0,14
alnascharism,True,4,0,12
scion,True,3,0,5
taiping,True,2,0,7
contemplator,True,3,0,12
coffinless,True,2,0,10
amiably,True,2,0,7
unrightwise,True,1,0,11
pachisi,True,1,0,7
papalism,False,6,0,8
parentheticalness,True,1,0,17
oui,True,1,0,3
culturologist,True,3,0,13
contractible,True,0,0,12
reclama,True,2,0,7
bijugate,True,1,0,8
anahau,False,6,0,6
inlake,True,3,0,6
chayote,True,2,0,7
uhtsong,True,4,0,7
bloodshotten,True,2,0,12
desireless,True,0,0,10
nesotragus,True,1,0,10
spermaphytic,True,0,0,12
unimplicable,True,0,0,12
unburning,False,6,0,9
indubiously,True,2,0,11
enneagynous,True,1,0,11
fluctuosity,True,3,0,11
parostotic,True,2,0,10
penninervate,True,0,0,12
downingia,True,1,0,9
bedrown,True,2,0,7
holarctic,True,1,0,9
ascocarpous,True,2,0,11
unsummoned,True,3,0,10
proboscidal,True,1,0,11
crapulousness,True,3,0,13
laryngoscopic,True,1,0,13
riper,True,4,0,5
conchostraca,True,2,0,12
tannable,True,0,0,8
ectocondyle,True,2,0,11
unconsecratedly,True,1,0,15
trypeta,False,6,0,7
postsyphilitic,True,1,0,14
anachromasis,True,1,0,12
pursiness,True,1,0,9
reoffset,True,0,0,8
jackanapish,True,1,0,11
rage,True,4,0,4
resinlike,True,1,0,9
anusvara,True,2,0,8
flueman,True,1,0,7
whispered,True,0,0,9
schizothymic,True,2,0,12
tricrotic,True,3,0,9
endobronchially,True,0,0,15
temanite,True,3,0,8
unepistolary,True,0,0,12
untantalized,True,0,0,12
overwhelming,False,6,0,12
magnetically,True,0,0,12
precommunion,True,0,0,12
repealable,True,1,0,10
kitchenry,True,1,0,9
semisavagery,False,6,0,12
undramatized,True,5,0,12
overhead,True,1,0,8
comptuer,True,2,0,8
hoovey,False,6,0,6
orphically,True,2,0,10
subtribe,False,6,0,8
pseudapostle,False,6,0,12
unreactive,True,1,0,10
fightwite,True,0,0,9
kineplasty,True,0,0,10
dia,True,1,0,3
chanteyman,True,1,0,10
undernourished,True,0,0,14
outwrest,False,6,0,8
indefensible,True,0,0,12
burnfire,True,3,0,8
deposal,True,1,0,7
electrolytical,True,0,0,14
criteria,True,5,0,8
multisensual,True,0,0,12
gusher,True,4,0,6
competitiveness,True,0,0,15
pipewood,False,6,0,8
maternally,True,3,0,10
erythroneocytosis,True,2,0,17
boswellism,True,2,0,10
caesaropapism,True,2,0,13
laughterless,True,0,0,12
ingratiate,True,2,0,10
cornicle,True,1,0,8
loculus,False,6,0,7
goric,False,6,0,5
unbastilled,True,0,0,11
micawberish,False,6,0,11
luminarious,False,6,0,11
computeur,True,2,0,9
pucherite,True,1,0,9
unattainted,True,0,0,11
ting,True,3,0,4
episcopize,False,6,0,10
reiter,True,0,0,6
spinicarpous,False,6,0,12
megakaryocyte,True,1,0,13
investiture,True,0,0,11
stereotactic,True,1,0,12
prodemocratic,True,0,0,13
leviratical,True,0,0,11
nonexchangeable,True,1,0,15
cupidone,True,2,0,8
totipotentiality,True,0,0,16
detailedly,True,0,0,10
smudged,False,6,0,7
orthoceratitic,True,0,0,14
gunning,True,3,0,7
brobdingnag,True,2,0,11
unconfronted,True,2,0,12
altoun,True,3,0,6
turkify,True,5,0,7
autoblast,True,4,0,9
meniscus,False,6,0,8
socinianize,True,0,0,11
unmollifiable,True,0,0,13
predeprivation,False,6,0,14
sensually,False,6,0,9
fulah,True,5,0,5
ullagone,True,1,0,8
atelopodia,True,0,0,10
hermoglyphic,True,1,0,12
plexor,True,1,0,6
haggadistic,True,1,0,11
treasurership,True,0,0,13
militation,True,1,0,10
bespit,False,6,0,6
leucoryx,True,3,0,8
osteomere,True,1,0,9
superwealthy,True,1,0,12
untread,True,1,0,7
lupanarian,True,1,0,10
preartistic,True,0,0,11
navigerous,True,0,0,10
weird,True,1,0,5
guayabo,True,4,0,7
hexagynian,True,0,0,10
inspirable,False,6,0,10
submission,True,2,0,10
kenticism,True,1,0,9
histologically,False,6,0,14
malinstitution,True,0,0,14
jitneuse,True,0,0,8
aileen,True,0,0,6
bologna,True,3,0,7
boycottism,True,4,0,10
ocherous,True,2,0,8
markedly,True,0,0,8
gravedigger,True,0,0,11
retrencher,True,0,0,10
noche,True,2,0,5
piperitone,True,2,0,10
inductor,True,2,0,8
retropubic,True,1,0,10
digit,False,6,0,5
phyllorhine,True,5,0,11
wheely,True,1,0,6
rhinoceroslike,True,0,0,14
stychomythia,True,1,0,12
peccable,True,2,0,8
upperhandism,False,6,0,12
nonrepresentative,True,0,0,17
duns,False,6,0,4
supposably,True,5,0,10
saltarello,True,2,0,10
bistratose,True,0,0,10
polymolybdate,True,1,0,13
anisamide,True,5,0,9
berascal,True,1,0,8
china,True,3,0,5
monotypic,True,3,0,9
chandu,True,3,0,6
dygvrz,False,6,0,6
nematogonous,True,1,0,12
prediet,True,0,0,7
sesquiquinta,True,0,0,12
geophilidae,True,0,0,11
squarewise,True,1,0,10
paleometeorological,True,0,0,19
water,False,6,0,5
nervule,False,6,0,7
bifocal,True,2,0,7
bedim,False,6,0,5
avogadrite,False,6,0,10
bisetose,True,1,0,8
batetela,True,2,0,8
render,True,4,0,6
aetosaur,True,0,0,8
facetiously,True,0,0,11
dichotomous,False,6,0,11
monographical,True,3,0,13
junketer,True,1,0,8
antidactyl,True,1,0,10
soso,True,3,0,4
untinkered,True,0,0,10
pelargic,True,0,0,8
thumbless,True,5,0,9
unavailed,False,6,0,9
filicin,True,2,0,7
protopteran,True,2,0,11
crackled,True,1,0,8
thyrotropic,True,2,0,11
leonurus,True,2,0,8
euglobulin,True,1,0,10
minitant,True,2,0,8
thysanurian,True,1,0,11
experientially,True,0,0,14
developdent,True,0,0,11
uncovered,False,6,0,9
biosis,True,5,0,6
autosymbiontic,False,6,0,14
pigless,False,6,0,7
dethroner,True,0,0,9
cynicism,True,3,0,8
arminianize,True,0,0,11
nonsymphonic,True,2,0,12
ecrasite,True,2,0,8
zymurgy,False,6,0,7
reductionist,True,0,0,12
unempaneled,True,0,0,11
pycnomorphous,True,3,0,13
chronogeneous,True,5,0,13
pseudomorphic,True,4,0,13
respirometer,True,0,0,12
galactagogue,True,1,0,12
bedub,False,6,0,5
brith,True,5,0,5
varletess,True,1,0,9
horrescent,True,2,0,10
adenophthalmia,True,0,0,14
tabetless,True,0,0,9
aromacity,True,1,0,9
bizarreness,True,1,0,11
traumatropism,True,2,0,13
robotesque,False,6,0,10
citation,True,1,0,8
midwestern,False,6,0,10
harshness,True,0,0,9
destructivism,True,1,0,13
rheum,True,1,0,5
everyhow,True,1,0,8
ganglia,True,4,0,7
kainah,True,2,0,6
aquavalent,True,0,0,10
strumpetlike,True,1,0,12
wrecking,False,6,0,8
nonnitrogenized,True,0,0,15
rhagonate,True,4,0,9
misdesire,True,1,0,9
brushball,False,6,0,9
poucey,False,6,0,6
subepoch,False,6,0,8
anathematical,True,0,0,13
ndetwork,True,4,0,8
virginitis,True,1,0,10
capanne,True,2,0,7
parisianly,True,1,0,10
nonmanifest,True,0,0,11
microcombustion,True,2,0,15
tantalic,True,4,0,8
materially,True,0,0,10
billie,True,1,0,6
candytuft,True,3,0,9
subtriplicated,True,0,0,14
misingenuity,False,6,0,12
shelfmate,True,2,0,9
servient,False,6,0,8
valva,False,6,0,5
encitadel,True,1,0,9
katze,True,0,0,5
fogy,False,6,0,4
cuya,False,6,0,4
allotriuria,True,1,0,11
buongiorno,True,2,0,10
wailful,False,6,0,7
sublimableness,True,0,0,14
phytoserology,True,3,0,13
intercapillary,True,0,0,14
ceramal,True,0,0,7
into,True,2,0,4
breaker,True,3,0,7
normanish,True,1,0,9
dowcet,False,6,0,6
unescaladed,True,1,0,11
copenetrate,True,4,0,11
spiritweed,True,0,0,10
conveyance,True,1,0,10
japanesquery,True,1,0,12
xanthophyllous,True,2,0,14
cecilite,True,1,0,8
blasting,True,1,0,8
chat,True,0,0,4
disgig,False,6,0,6
marcionism,True,1,0,10
kaolinate,True,0,0,9
phyllotactical,True,1,0,14
detectably,True,1,0,10
tricolored,True,0,0,10
convocant,False,6,0,9
sanctified,True,0,0,10
cotingoid,True,2,0,9
staithman,True,1,0,9
ungrainable,True,1,0,11
thankful,True,3,0,8
protragie,True,0,0,9
sexcentenary,True,0,0,12
puddock,False,6,0,7
snohomish,True,2,0,9
deuterotype,True,0,0,11
ipgtub,False,6,0,6
pycnosporic,True,3,0,11
tautologizer,True,0,0,12
cetonian,True,0,0,8
operae,True,2,0,6
aldern,True,1,0,6
genson,True,5,0,6
platycnemia,True,0,0,11
radarscope,True,1,0,10
pantaleon,True,4,0,9
heavenful,True,1,0,9
polygony,True,5,0,8
mononymy,True,4,0,8
shovelful,True,5,0,9
convolvulinic,True,1,0,13
scrouger,False,6,0,8
splitting,True,1,0,9
zingiberone,True,0,0,11
mesally,True,1,0,7
trichotomism,True,5,0,12
phaethusa,True,0,0,9
cordillera,True,2,0,10
shellful,False,6,0,8
bepart,False,6,0,6
podostemad,True,3,0,10
submissive,False,6,0,10
undilapidated,True,1,0,13
pyralidoidea,True,0,0,12
coca,True,4,0,4
cuculla,True,5,0,7
hulotheism,True,2,0,10
wandle,True,3,0,6
astur,True,2,0,5
acromiohumeral,True,0,0,14
chassignite,True,0,0,11
dummel,True,4,0,6
aggregata,True,0,0,9
chondriosomal,True,1,0,13
ruefulness,True,0,0,10
odin,True,3,0,4
mavis,False,6,0,5
matronism,True,1,0,9
undershot,True,2,0,9
doubtingly,False,6,0,10
unmetropolitan,True,0,0,14
caph,False,6,0,4
swahilian,True,2,0,9
weiring,True,1,0,7
trigoniaceous,True,0,0,13
paroxysmal,False,6,0,10
swaraj,True,3,0,6
overheatedly,True,5,0,12
exequy,True,2,0,6
drokpa,False,6,0,6
sunspottery,True,2,0,11
oxidable,True,1,0,8
monodontal,True,3,0,10
pentadecane,True,1,0,11
unjokingly,True,2,0,10
theropodous,False,6,0,11
feverlike,True,1,0,9
brandy,True,3,0,6
proconstitutionalism,True,0,0,20
uncriticising,True,0,0,13
solodization,False,6,0,12
analyze,True,0,0,7
biggonet,False,6,0,8
oarcock,True,2,0,7
latinic,True,1,0,7
virginly,True,2,0,8
ruthenium,True,1,0,9
rotulus,True,4,0,7
hollowly,True,4,0,8
firelit,False,6,0,7
ominously,True,2,0,9
forediscern,True,5,0,11
southwardly,True,2,0,11
upthrow,True,4,0,7
prankle,True,4,0,7
rheocrat,False,6,0,8
avives,True,3,0,6
unseconded,True,1,0,10
prat,True,2,0,4
desperado,True,2,0,9
hexapodan,True,1,0,9
sympatheticity,True,1,0,14
manchester,True,0,0,10
zooxanthin,True,2,0,10
enamoredness,True,0,0,12
ureal,True,0,0,5
boobily,False,6,0,7
aistopoda,True,1,0,9
ophiostaphyle,True,4,0,13
kinetogenesis,False,6,0,13
sivatheriidae,True,0,0,13
diplobacillus,False,6,0,13
steepwort,True,2,0,9
puppyism,False,6,0,8
mydaus,False,6,0,6
stomatopathy,True,2,0,12
semiurn,True,2,0,7
angiography,True,5,0,11
supersmart,True,1,0,10
illusorily,True,3,0,10
lodha,True,4,0,5
cricket,True,1,0,7
woyaway,True,3,0,7
preaccumulation,True,0,0,15
dischargee,False,6,0,10
microbal,True,1,0,8
corrivate,True,2,0,9
ruthfulness,False,6,0,11
crinkle,True,4,0,7
seromaniac,True,3,0,10
adjunctly,True,3,0,9
staring,True,2,0,7
ropeway,True,1,0,7
devilmonger,False,6,0,11
crackbrain,True,1,0,10
sclerosed,True,2,0,9
seldom,True,3,0,6
addleheadedness,True,0,0,15
luminance,True,0,0,9
uraniid,False,6,0,7
senonian,True,0,0,8
chlorocalcite,True,2,0,13
ataset,True,1,0,6
sangsue,True,2,0,7
chiliastic,True,4,0,10
idryl,False,6,0,5
noche,True,2,0,5
gainliness,True,1,0,10
phototaxis,True,2,0,10
panelwork,True,1,0,9
notariate,True,0,0,9
unrippling,True,1,0,10
ketonize,True,1,0,8
highjacker,True,1,0,10
rebute,True,2,0,6
unravished,True,1,0,10
sinkfield,True,2,0,9
organologist,True,5,0,12
congreso,True,1,0,8
oxytylote,True,3,0,9
troglodytish,True,4,0,12
disdiazo,True,2,0,8
dicranaceous,True,0,0,12
logogrammatic,True,1,0,13
unappendaged,True,1,0,12
unmiscarrying,True,2,0,13
duraquara,True,2,0,9
desolation,True,1,0,10
xerophthalmia,False,6,0,13
intriguess,True,1,0,10
valediction,False,6,0,11
intemperament,True,1,0,13
excellence,True,0,0,10
spetrophoby,True,2,0,11
smit,True,4,0,4
moundiness,True,2,0,10
submicroscopic,True,2,0,14
coenotype,True,4,0,9
savagery,True,0,0,8
pupigerous,True,2,0,10
lactol,True,2,0,6
toplighted,True,1,0,10
hemalbumen,False,6,0,10
minorcan,False,6,0,8
reannoyance,True,1,0,11
cambyuskan,False,6,0,10
binge,True,5,0,5
hallucinosis,True,1,0,12
prefecundatory,True,1,0,14
lan,False,6,0,3
forehill,False,6,0,8
unelicited,True,5,0,10
thenal,True,1,0,6
nosewards,True,1,0,9
disinvagination,True,1,0,15
vineland,False,6,0,8
superextreme,True,0,0,12
lag,True,3,0,3
jester,False,6,0,6
acetose,False,6,0,7
urocerata,True,0,0,9
overpaint,True,0,0,9
nein,True,1,0,4
cambaye,True,2,0,7
xylite,True,3,0,6
unbreakably,False,6,0,11
marriable,True,0,0,9
granadillo,True,1,0,10
irk,False,6,0,3
viatometer,True,0,0,10
spumescent,True,0,0,10
nonbeing,True,1,0,8
kluxer,True,3,0,6
unfelt,True,2,0,6
submentum,True,3,0,9
luctation,True,1,0,9
uptwist,True,4,0,7
armure,False,6,0,6
adipoma,True,3,0,7
periesophagitis,True,4,0,15
tremolist,True,2,0,9
monoicous,True,2,0,9
allegorizer,True,0,0,11
rufigallic,True,1,0,10
becovet,False,6,0,7
millinormal,True,1,0,11
platyrrhinic,True,2,0,12
metacism,True,1,0,8
breaster,True,2,0,8
bolivarite,False,6,0,10
hackney,True,3,0,7
veratraldehyde,True,1,0,14
oltonde,True,3,0,7
pappescent,True,0,0,10
cruor,True,2,0,5
steeling,True,0,0,8
i,False,6,0,1
hormogon,True,3,0,8
inapathy,False,6,0,8
tuzla,False,6,0,5
gosplan,True,3,0,7
ovalescent,True,1,0,10
aerogenes,True,0,0,9
zrntvw,True,4,0,6
plughole,True,3,0,8
araucarioxylon,True,1,0,14
encashable,True,1,0,10
sarcastic,True,1,0,9
neoholmium,True,0,0,10
bepurple,True,3,0,8
perisplenic,True,0,0,11
proministry,True,2,0,11
vitiosity,True,1,0,9
conductor,True,3,0,9
puntist,True,4,0,7
cobhead,False,6,0,7
triumfetta,True,0,0,10
inertness,True,4,0,9
osteectomy,True,4,0,10
brigadiership,True,0,0,13
unlofty,True,4,0,7
moneyer,True,0,0,7
metapectic,True,0,0,10
pistilliform,True,1,0,12
uredinales,True,0,0,10
corybulbin,True,2,0,10
thiasite,True,0,0,8
ursus,True,5,0,5
ptomain,True,2,0,7
intersentimental,True,3,0,16
hemibenthic,True,0,0,11
techous,True,4,0,7
procello,True,2,0,8
buongiorno,True,2,0,10
cibarian,True,1,0,8
basiarachnoiditis,True,1,0,17
daftness,True,1,0,8
iconometer,True,0,0,10
subreader,True,0,0,9
flighty,True,5,0,7
pradhana,True,1,0,8
subvaluation,True,1,0,12
ecru,True,2,0,4
esperantido,False,6,0,11
anemoscope,True,2,0,10
phenacetin,True,0,0,10
hitchy,True,5,0,6
futureless,True,0,0,10
noncelestial,True,3,0,12
intercommoner,True,0,0,13
bravura,True,3,0,7
coneighboring,False,6,0,13
canaliculus,True,1,0,11
cryptostoma,True,2,0,11
sententiously,True,1,0,13
hemochromatosis,True,0,0,15
thermotical,True,0,0,11
bigarade,True,1,0,8
tamanoas,False,6,0,8
prefabricate,True,0,0,12
isocolon,True,2,0,8
semidried,True,0,0,9
enate,True,2,0,5
presupervisor,True,1,0,13
consanguineous,True,0,0,14
chilcat,True,3,0,7
phytologic,True,2,0,10
crampet,True,1,0,7
prosopalgic,True,5,0,11
outbleed,True,1,0,8
ishmaelitic,True,0,0,11
photoepinastically,True,1,0,18
poecilogonous,True,1,0,13
myringitis,True,1,0,10
dravidian,True,1,0,9
tromometric,True,1,0,11
waremaker,True,0,0,9
certifiable,True,0,0,11
lyctidae,False,6,0,8
ceric,True,1,0,5
sluggingly,True,2,0,10
nonpropitiation,True,1,0,15
quadricuspidate,True,5,0,15
barleysick,True,3,0,10
latebricole,True,0,0,11
zglfyzzkcg,False,6,0,10
raggil,True,2,0,6
acoustical,True,1,0,10
resorb,False,6,0,6
heautontimorumenos,True,0,0,18
few,False,6,0,3
afterpain,True,0,0,9
respectworthy,True,2,0,13
podicipedidae,True,0,0,13
strode,True,2,0,6
continental,True,0,0,11
alligate,True,0,0,8
rhizoplast,True,2,0,10
mahdiship,True,2,0,9
gentilic,True,1,0,8
superestablish,True,1,0,14
unbale,True,3,0,6
monroeist,True,3,0,9
szopelka,True,1,0,8
homogeneal,True,1,0,10
pulsatively,True,0,0,11
unfearfully,True,2,0,11
netmaking,True,0,0,9
undervitalized,True,0,0,14
reauthorization,True,0,0,15
toxicant,True,2,0,8
elongation,True,1,0,10
underivable,True,0,0,11
mimpei,True,4,0,6
olvpzg,True,5,0,6
telegrapher,True,0,0,11
collateralness,True,1,0,14
lowermost,True,2,0,9
sphingine,True,1,0,9
proepimeron,True,0,0,11
accersitor,False,6,0,10
aymaran,True,2,0,7
tumbledung,True,4,0,10
chromatically,True,3,0,13
salad,True,0,0,5
thiamine,True,0,0,8
ibis,False,6,0,4
lewanna,False,6,0,7
nonobligatory,True,1,0,13
parching,True,3,0,8
agamobium,True,2,0,9
cack,True,4,0,4
pentastich,True,0,0,10
redeemableness,False,6,0,14
outstood,True,4,0,8
developmen,True,1,0,10
nutriment,True,1,0,9
worldly,True,3,0,7
malreasoning,True,0,0,12
moldiness,True,2,0,9
fantast,True,2,0,7
grammaticaster,True,4,0,14
underload,True,0,0,9
puke,True,4,0,4
argentation,True,0,0,11
suburbanize,True,1,0,11
pseudoclassical,True,0,0,15
muhlenbergia,True,0,0,12
bewired,False,6,0,7
thymonucleic,False,6,0,12
kip,True,4,0,3
meganucleus,True,0,0,11
uncombined,True,1,0,10
pierine,True,0,0,7
menzie,True,2,0,6
unadoring,True,1,0,9
catenation,True,0,0,10
pensefulness,True,0,0,12
quinsywort,True,2,0,10
wordl,True,3,0,5
novelistically,True,0,0,14
ternary,True,0,0,7
xenoblast,True,2,0,9
paleoherpetologist,True,1,0,18
amyous,False,6,0,6
stagnance,True,1,0,9
fresison,True,1,0,8
fastland,True,1,0,8
hemicycle,True,1,0,9
attenuation,True,0,0,11
thanksgiver,True,0,0,11
copeognatha,True,1,0,11
logway,False,6,0,6
stevia,True,1,0,6
ladrone,False,6,0,7
dementholize,False,6,0,12
polyadenia,False,6,0,10
pediculi,True,2,0,8
biceps,True,4,0,6
pancreatization,True,0,0,15
enolize,True,1,0,7
vespidae,True,1,0,8
outwar,True,1,0,6
lemovices,True,2,0,9
combatively,True,0,0,11
obviator,True,1,0,8
hereditarian,True,0,0,12
delectably,True,1,0,10
predemonstrate,True,4,0,14
unmailableness,True,0,0,14
galipidine,True,0,0,10
electiveness,True,0,0,12
thumlungur,True,4,0,10
drumheads,True,1,0,9
zucchini,True,2,0,8
underfolded,True,2,0,11
aloose,True,1,0,6
trachytic,True,1,0,9
cyancarbonic,False,6,0,12
herpetiform,True,0,0,11
sedaceae,True,0,0,8
thaliacean,True,0,0,10
chaetognathan,True,1,0,13
leeky,True,3,0,5
fitty,False,6,0,5
arthrozoic,False,6,0,10
tsubo,False,6,0,5
unlearnedness,True,1,0,13
confirmand,False,6,0,10
glycerophosphoric,True,0,0,17
actinula,True,4,0,8
plaque,True,2,0,6
promissor,False,6,0,9
whiskerette,True,0,0,11
atechnic,True,0,0,8
endways,True,1,0,7
superstimulate,True,0,0,14
tearstain,True,0,0,9
unspike,True,3,0,7
enanguish,True,1,0,9
paler,True,3,0,5
pannery,True,1,0,7
zoology,True,4,0,7
unwheeled,True,1,0,9
nonplausible,True,4,0,12
cank,False,6,0,4
terpilene,True,0,0,9
dedicate,True,3,0,8
mitigable,False,6,0,9
cassis,True,4,0,6
ribwork,False,6,0,7
quilling,True,4,0,8
myrtales,True,1,0,8
overhouse,True,2,0,9
coabound,True,3,0,8
supervoluminous,True,0,0,15
gorsechat,True,2,0,9
transferably,False,6,0,12
paunchiness,True,0,0,11
vidette,True,1,0,7
ola,True,0,0,3
unfurrowable,True,1,0,12
oreman,True,2,0,6
dultie,False,6,0,6
clutterment,True,5,0,11
albanite,False,6,0,8
mountebankly,False,6,0,12
gamolepis,False,6,0,9
esothyropexy,True,2,0,12
styca,True,5,0,5
zimmis,False,6,0,6
peirastically,True,0,0,13
trianglewise,True,0,0,12
pheasantwood,True,5,0,12
supersimplify,False,6,0,13
mislippen,True,1,0,9
gamekeeping,False,6,0,11
conductively,True,1,0,12
chandler,True,5,0,8
nonexculpation,True,0,0,14
reparable,True,2,0,9
sherri,True,1,0,6
reimmerse,True,1,0,9
forked,True,4,0,6
paramountly,True,2,0,11
witting,True,4,0,7
excerptible,True,0,0,11
amzcsf,False,6,0,6
fieulamort,True,0,0,10
sciedce,True,1,0,7
elb,True,4,0,3
neurovaccine,False,6,0,12
physitism,True,2,0,9
solenodont,False,6,0,10
sciurine,True,2,0,8
preterequine,True,0,0,12
sparker,True,2,0,7
taen,True,1,0,4
rjkginfm,True,2,0,8
exrupeal,False,6,0,8
encase,True,2,0,6
acierage,True,0,0,8
transferred,True,1,0,11
hereditary,True,0,0,10
roseine,True,0,0,7
lucius,False,6,0,6
acetoin,True,2,0,7
representatively,True,4,0,16
asiatically,True,1,0,11
jjguevkmi,False,6,0,9
fuddle,True,5,0,6
guise,True,3,0,5
resynthesis,True,0,0,11
peribolos,True,1,0,9
psychogenetical,True,4,0,15
indefeasibly,False,6,0,12
sarrusophone,True,1,0,12
disqualify,True,3,0,10
pinningly,True,3,0,9
mastodynia,True,2,0,10
wairepo,True,1,0,7
hyperwrought,True,3,0,12
enlighten,True,2,0,9
zax,False,6,0,3
electrostenolysis,True,0,0,17
slumpwork,True,3,0,9
notable,True,0,0,7
ursoid,True,2,0,6
thermotically,True,0,0,13
superlikelihood,True,0,0,15
buchanan,True,1,0,8
heavyheartedness,True,0,0,16
rhythmical,True,2,0,10
crickey,True,3,0,7
semiconvergence,True,0,0,15
literati,False,6,0,8
glub,False,6,0,4
overeasiness,True,0,0,12
archimedes,True,1,0,10
synalgic,True,1,0,8
molluscoidan,True,1,0,12
braver,True,2,0,6
dacyorrhea,False,6,0,10
prose,True,2,0,5
eversporting,True,0,0,12
irradicate,True,0,0,10
electrohemostasis,True,0,0,17
iconoduly,True,2,0,9
bestowment,True,0,0,10
towner,False,6,0,6
banc,False,6,0,4
longish,True,3,0,7
inadequacy,True,0,0,10
unflurried,True,0,0,10
ferfathmur,True,1,0,10
witlet,True,5,0,6
dow,False,6,0,3
unpitiedness,True,1,0,12
brandless,True,0,0,9
streamingly,True,0,0,11
meteorograph,True,1,0,12
swb,False,6,0,3
ojhimrsqcwyp,False,6,0,12
unagreeable,True,0,0,11
running,True,2,0,7
bennettites,False,6,0,11
ponderous,True,4,0,9
troglodytism,True,3,0,12
doorstead,True,0,0,9
electrothanasia,True,0,0,15
rupa,False,6,0,4
servantlike,True,0,0,11
pyrostat,True,3,0,8
extrameridional,True,0,0,15
unhostilely,False,6,0,11
swallowable,True,2,0,11
insolvence,True,0,0,10
streamwort,True,2,0,10
airgraphics,True,1,0,11
factish,True,2,0,7
unnimble,True,1,0,8
antisialic,True,1,0,10
rutaceous,True,1,0,9
subdistinguish,True,0,0,14
upmountain,True,2,0,10
achatina,True,1,0,8
ovariolumbar,True,1,0,12
dentata,True,0,0,7
casuistry,False,6,0,9
kauravas,True,1,0,8
pyrogallic,True,1,0,10
tinctumutation,True,1,0,14
zoea,False,6,0,4
pedicure,False,6,0,8
teaseler,True,0,0,8
muss,False,6,0,4
squarely,True,0,0,8
histotropic,True,2,0,11
hydrometeorology,True,1,0,16
sensualness,True,0,0,11
ganocephala,True,1,0,11
resinoelectric,True,1,0,14
osteoclasia,True,3,0,11
despisableness,True,0,0,14
counterbid,True,1,0,10
porphyrogenitus,True,0,0,15
tetrathecal,True,1,0,11
engolden,True,2,0,8
unsizable,True,0,0,9
polyzoarial,True,2,0,11
supercelestial,True,0,0,14
urbane,True,2,0,6
idealistical,True,0,0,12
labiotenaculum,True,2,0,14
pluviometer,True,0,0,11
shivaistic,False,6,0,10
cerographist,True,0,0,12
redamnation,True,4,0,11
chronography,True,2,0,12
macraucheniiform,True,0,0,16
hallo,True,3,0,5
cornel,True,5,0,6
coronion,True,2,0,8
chickenbill,False,6,0,11
scientificoreligious,True,0,0,20
rennet,True,2,0,6
laxifoliate,True,0,0,11
prepersuade,True,0,0,11
